Instance,Model Status,Elapsed Time [s],Total Seconds [s],Compilation Time [s],Execution Time [s],Generation Time [s],Solver Time [s],Startup Time [s],Closedown Time [s],Highwater RSS [GB],Highwater VSS [GB],# Rows,# Columns,# Non Zeros,# Non Zeros per s,"RHS [min, max]","Bound [min, max]","Matrix [min, max]"
1p5C_OS_SSP2,FEASIBLE SOLUTION,75.106,70.156,1.75,40.359,13.391,28.031,0.016,0.0,2.85,3.2,624436,863666,4650991,347322.1566723919,"9.222E-05, 3.258E+06","7.001E-06, 6.612E+07","6.977E-09, 2.535E+06"
BAU_IND_V2,OPTIMAL,7753.525,7740.359,2.515,166.4370000000008,113.828,7571.391,0.016,0.0,22.81,26.23,6750106,6399364,40479629,355621.0159187546,"1.566E-14, 2.285E+05","3.516E-09, 5.000E+04","1.623E-07, 3.352E+06"
BEAM-ME_Instances/672_11_8,OPTIMAL,13005.102,12979.094,0.562,363.54799999999886,251.36,12614.984,0.0,0.0,62.67,70.11,21108711,15111159,124095043,493694.47406110755,"4.097E-06, 5.940E+05","2.680E-02, 2.676E+05","1.882E-04, 1.663E+04"
BEAM-ME_Instances/672_22_8,INTERMEDIATE INFEASIBLE,43946.872,43891.172,0.969,653.3130000000019,432.313,43236.875,0.015,0.0,112.88,163.87,37645140,27331345,218532379,505495.7380416504,"1.405E-06, 5.940E+05","8.298E-03, 2.676E+05","2.675E-04, 1.663E+04"
BEAM-ME_Instances/2016_22_8,ERROR NO SOLUTION,3330.586,1969.625,2.093,1930.453,1752.703,1201.0,17.391,19.688,115.1,215.29,112857882,81947383,658167482,375515.6931893196,"2.460E-07, 5.940E+05","8.298E-03, 2.676E+05","1.946E-06, 1.663E+04"
GAZNAT_V1_Instance,FEASIBLE SOLUTION,15483.517,15470.688,3.594,137.92199999999866,93.219,15329.156,0.016,0.0,19.17,20.62,5336684,4555729,34188921,366759.14781321405,"1.566E-14, 2.291E+05","3.516E-09, 3.000E+06","1.623E-07, 3.352E+06"
POLIZERO_V1_Instance,FEASIBLE SOLUTION,2866.618,2845.718,4.828,236.0,114.531,2604.875,0.015,0.0,22.65,24.69,5640942,6991820,48190465,420763.50507722795,"7.918E-19, 5.440E+05","3.837E-19, 1.000E+07","7.309E-08, 4.178E+06"
POLIZERO_V2_Instance,FEASIBLE SOLUTION,5111.239,5064.344,4.266,420.7349999999997,192.953,4639.328,0.015,0.0,36.28,40.14,10540301,13847195,69064648,357935.08263670426,"1.918E-18, 8.825E+06","1.823E-19, 2.919E+07","9.620E-19, 2.269E+06"
TIMES-DK-Instance,OPTIMAL,149.119,147.765,2.125,16.139999999999986,7.937,129.5,0.0,0.0,2.65,4.01,867042,1031037,4740351,597247.1966738062,"3.577E-08, 7.453E+04","4.606E-05, 4.500E+04","1.909E-09, 4.282E+06"
